[{"header":{"key":"45fd34d7-e15e-4034-9bf5-69be47297d4d.6d6ebd24-d8d6-402d-bcf3-1eab00864e65.sampleData","organizationId":"92d3aea7-45d2-402d-9262-8a1c1b3dea7b","type":"Sample_Data","name":"Sample_Data","revision":3},"content":{"transform":"{\r\n  \"date\": {\r\n    \"day\": 30,\r\n    \"month\": 7,\r\n    \"year\": 2021\r\n  },\r\n  \"time\": {\r\n    \"hour\": \"13\",\r\n    \"minute\": \"30\",\r\n    \"second\": \"00\",\r\n    \"millisecond\": \"0\"\r\n  },\r\n  \"timeZone\": \"Los Angeles\"\r\n}","first_name":"","example_date":"{\n  \"day\": 16,\n  \"month\": 4,\n  \"year\": 2021\n}","example_time":"{\n  \"hour\": \"13\",\n  \"minute\": \"30\",\n  \"second\": \"00\",\n  \"millisecond\": \"0\"\n}"}}]