[{"header":{"key":"712107a1-da95-4ded-8d46-de78bd5bc40e.fe907b1f-ba18-42dd-a215-2afd3a275adb.sampleData","organizationId":"2bddd29d-4e30-4d4b-b522-ce7b38e97f5e","type":"Sample_Data","name":"Sample_Data","revision":1},"content":{"name":"Sample Text","email":"no-reply@airkit.com","phone":"+1 (500) 234-5678","airData":"{\n  \"schemaId\": \"6cd7724b-8144-4495-a38a-891b6e18fae9\",\n  \"offset\": 0,\n  \"pageSize\": 1,\n  \"count\": 1,\n  \"results\": [\n    {\n      \"__id\": \"3514ae6b-f71a-46d8-b998-cd8e002424c8\",\n      \"name\": \"Sample Text\",\n      \"company\": \"Sample Text\",\n      \"phone\": \"+1 (500) 234-5678\",\n      \"email\": \"no-reply@airkit.com\"\n    }\n  ]\n}","company":"Sample Text"}}]