[{"header":{"key":"0bc8efe5-07e6-46ea-8743-c16d1d7e2d5f.c76c0087-a799-409c-9ebf-70acc7f614c9.sampleData","organizationId":"92d3aea7-45d2-402d-9262-8a1c1b3dea7b","type":"Sample_Data","name":"Sample_Data","revision":0},"content":{"result":"{\n  \"Count\": 169,\n  \"Message\": \"Response returned successfully\",\n  \"SearchCriteria\": \"Vehicle Type: car\",\n  \"Results\": [\n    {\n      \"MakeId\": 440,\n      \"MakeName\": \"ASTON MARTIN\",\n      \"VehicleTypeId\": 2,\n      \"VehicleTypeName\": \"Passenger Car\"\n    },\n    {\n      \"MakeId\": 441,\n      \"MakeName\": \"TESLA\",\n      \"VehicleTypeId\": 2,\n      \"VehicleTypeName\": \"Passenger Car\"\n    },\n    {\n      \"MakeId\": 442,\n      \"MakeName\": \"JAGUAR\",\n      \"VehicleTypeId\": 2,\n      \"VehicleTypeName\": \"Passenger Car\"\n    },\n    {\n      \"MakeId\": 443,\n      \"MakeName\": \"MASERATI\",\n      \"VehicleTypeId\": 2,\n      \"VehicleTypeName\": \"Passenger Car\"\n    },\n    {\n      \"MakeId\": 445,\n      \"MakeName\": \"ROLLS ROYCE\",\n      \"VehicleTypeId\": 2,\n      \"VehicleTypeName\": \"Passenger Car\"\n    },\n    {\n      \"MakeId\": 448,\n      \"MakeName\": \"TOYOTA\",\n      \"VehicleTypeId\": 2,\n      \"VehicleTypeName\": \"Passenger Car\"\n    },\n    {\n      \"MakeId\": 449,\n      \"MakeName\": \"MERCEDES-BENZ\",\n      \"VehicleTypeId\": 2,\n      \"VehicleTypeName\": \"Passenger Car\"\n    },\n    {\n      \"MakeId\": 452,\n      \"MakeName\": \"BMW\",\n      \"VehicleTypeId\": 2,\n      \"VehicleTypeName\": \"Passenger Car\"\n    },\n    {\n      \"MakeId\": 454,\n      \"MakeName\": \"BUGATTI\",\n      \"VehicleTypeId\": 2,\n      \"VehicleTypeName\": \"Passenger Car\"\n    },\n    {\n      \"MakeId\": 456,\n      \"MakeName\": \"MINI\",\n      \"VehicleTypeId\": 2,\n      \"VehicleTypeName\": \"Passenger Car\"\n    },\n    {\n      \"MakeId\": 460,\n      \"MakeName\": \"FORD\",\n      \"VehicleTypeId\": 2,\n      \"VehicleTypeName\": \"Passenger Car\"\n    },\n    {\n      \"MakeId\": 464,\n      \"MakeName\": \"LINCOLN\",\n      \"VehicleTypeId\": 2,\n      \"VehicleTypeName\": \"Passenger Car\"\n    },\n    {\n      \"MakeId\": 465,\n      \"MakeName\": \"MERCURY\",\n      \"VehicleTypeId\": 2,\n      \"VehicleTypeName\": \"Passenger Car\"\n    },\n    {\n      \"MakeId\": 466,\n      \"MakeName\": \"LOTUS\",\n      \"VehicleTypeId\": 2,\n      \"VehicleTypeName\": \"Passenger Car\"\n    },\n    {\n      \"MakeId\": 467,\n      \"MakeName\": \"CHEVROLET\",\n      \"VehicleTypeId\": 2,\n      \"VehicleTypeName\": \"Passenger Car\"\n    },\n    {\n      \"MakeId\": 468,\n      \"MakeName\": \"BUICK\",\n      \"VehicleTypeId\": 2,\n      \"VehicleTypeName\": \"Passenger Car\"\n    },\n    {\n      \"MakeId\": 469,\n      \"MakeName\": \"CADILLAC\",\n      \"VehicleTypeId\": 2,\n      \"VehicleTypeName\": \"Passenger Car\"\n    },\n    {\n      \"MakeId\": 470,\n      \"MakeName\": \"HOLDEN\",\n      \"VehicleTypeId\": 2,\n      \"VehicleTypeName\": \"Passenger Car\"\n    },\n    {\n      \"MakeId\": 471,\n      \"MakeName\": \"OPEL\",\n      \"VehicleTypeId\": 2,\n      \"VehicleTypeName\": \"Passenger Car\"\n    },\n    {\n      \"MakeId\": 472,\n      \"MakeName\": \"GMC\",\n      \"VehicleTypeId\": 2,\n      \"VehicleTypeName\": \"Passenger Car\"\n    },\n    {\n      \"MakeId\": 473,\n      \"MakeName\": \"MAZDA\",\n      \"VehicleTypeId\": 2,\n      \"VehicleTypeName\": \"Passenger Car\"\n    },\n    {\n      \"MakeId\": 474,\n      \"MakeName\": \"HONDA\",\n      \"VehicleTypeId\": 2,\n      \"VehicleTypeName\": \"Passenger Car\"\n    },\n    {\n      \"MakeId\": 475,\n      \"MakeName\": \"ACURA\",\n      \"VehicleTypeId\": 2,\n      \"VehicleTypeName\": \"Passenger Car\"\n    },\n    {\n      \"MakeId\": 476,\n      \"MakeName\": \"DODGE\",\n      \"VehicleTypeId\": 2,\n      \"VehicleTypeName\": \"Passenger Car\"\n    },\n    {\n      \"MakeId\": 477,\n      \"MakeName\": \"CHRYSLER\",\n      \"VehicleTypeId\": 2,\n      \"VehicleTypeName\": \"Passenger Car\"\n    },\n    {\n      \"MakeId\": 478,\n      \"MakeName\": \"NISSAN\",\n      \"VehicleTypeId\": 2,\n      \"VehicleTypeName\": \"Passenger Car\"\n    },\n    {\n      \"MakeId\": 480,\n      \"MakeName\": \"INFINITI\",\n      \"VehicleTypeId\": 2,\n      \"VehicleTypeName\": \"Passenger Car\"\n    },\n    {\n      \"MakeId\": 481,\n      \"MakeName\": \"MITSUBISHI\",\n      \"VehicleTypeId\": 2,\n      \"VehicleTypeName\": \"Passenger Car\"\n    },\n    {\n      \"MakeId\": 482,\n      \"MakeName\": \"VOLKSWAGEN\",\n      \"VehicleTypeId\": 2,\n      \"VehicleTypeName\": \"Passenger Car\"\n    },\n    {\n      \"MakeId\": 485,\n      \"MakeName\": \"VOLVO\",\n      \"VehicleTypeId\": 2,\n      \"VehicleTypeName\": \"Passenger Car\"\n    },\n    {\n      \"MakeId\": 492,\n      \"MakeName\": \"FIAT\",\n      \"VehicleTypeId\": 2,\n      \"VehicleTypeName\": \"Passenger Car\"\n    },\n    {\n      \"MakeId\": 493,\n      \"MakeName\": \"ALFA ROMEO\",\n      \"VehicleTypeId\": 2,\n      \"VehicleTypeName\": \"Passenger Car\"\n    },\n    {\n      \"MakeId\": 497,\n      \"MakeName\": \"LANCIA\",\n      \"VehicleTypeId\": 2,\n      \"VehicleTypeName\": \"Passenger Car\"\n    },\n    {\n      \"MakeId\": 498,\n      \"MakeName\": \"HYUNDAI\",\n      \"VehicleTypeId\": 2,\n      \"VehicleTypeName\": \"Passenger Car\"\n    },\n    {\n      \"MakeId\": 499,\n      \"MakeName\": \"KIA\",\n      \"VehicleTypeId\": 2,\n      \"VehicleTypeName\": \"Passenger Car\"\n    },\n    {\n      \"MakeId\": 502,\n      \"MakeName\": \"LAMBORGHINI\",\n      \"VehicleTypeId\": 2,\n      \"VehicleTypeName\": \"Passenger Car\"\n    },\n    {\n      \"MakeId\": 504,\n      \"MakeName\": \"SMART\",\n      \"VehicleTypeId\": 2,\n      \"VehicleTypeName\": \"Passenger Car\"\n    },\n    {\n      \"MakeId\": 509,\n      \"MakeName\": \"SUZUKI\",\n      \"VehicleTypeId\": 2,\n      \"VehicleTypeName\": \"Passenger Car\"\n    },\n    {\n      \"MakeId\": 515,\n      \"MakeName\": \"LEXUS\",\n      \"VehicleTypeId\": 2,\n      \"VehicleTypeName\": \"Passenger Car\"\n    },\n    {\n      \"MakeId\": 523,\n      \"MakeName\": \"SUBARU\",\n      \"VehicleTypeId\": 2,\n      \"VehicleTypeName\": \"Passenger Car\"\n    },\n    {\n      \"MakeId\": 533,\n      \"MakeName\": \"MAYBACH\",\n      \"VehicleTypeId\": 2,\n      \"VehicleTypeName\": \"Passenger Car\"\n    },\n    {\n      \"MakeId\": 536,\n      \"MakeName\": \"PONTIAC\",\n      \"VehicleTypeId\": 2,\n      \"VehicleTypeName\": \"Passenger Car\"\n    },\n    {\n      \"MakeId\": 539,\n      \"MakeName\": \"MORGAN\",\n      \"VehicleTypeId\": 2,\n      \"VehicleTypeName\": \"Passenger Car\"\n    },\n    {\n      \"MakeId\": 542,\n      \"MakeName\": \"ISUZU\",\n      \"VehicleTypeId\": 2,\n      \"VehicleTypeName\": \"Passenger Car\"\n    },\n    {\n      \"MakeId\": 565,\n      \"MakeName\": \"TRIUMPH\",\n      \"VehicleTypeId\": 2,\n      \"VehicleTypeName\": \"Passenger Car\"\n    },\n    {\n      \"MakeId\": 572,\n      \"MakeName\": \"SAAB\",\n      \"VehicleTypeId\": 2,\n      \"VehicleTypeName\": \"Passenger Car\"\n    },\n    {\n      \"MakeId\": 582,\n      \"MakeName\": \"AUDI\",\n      \"VehicleTypeId\": 2,\n      \"VehicleTypeName\": \"Passenger Car\"\n    },\n    {\n      \"MakeId\": 583,\n      \"MakeName\": \"BENTLEY\",\n      \"VehicleTypeId\": 2,\n      \"VehicleTypeName\": \"Passenger Car\"\n    },\n    {\n      \"MakeId\": 584,\n      \"MakeName\": \"PORSCHE\",\n      \"VehicleTypeId\": 2,\n      \"VehicleTypeName\": \"Passenger Car\"\n    },\n    {\n      \"MakeId\": 603,\n      \"MakeName\": \"FERRARI\",\n      \"VehicleTypeId\": 2,\n      \"VehicleTypeName\": \"Passenger Car\"\n    },\n    {\n      \"MakeId\": 606,\n      \"MakeName\": \"AM GENERAL\",\n      \"VehicleTypeId\": 2,\n      \"VehicleTypeName\": \"Passenger Car\"\n    },\n    {\n      \"MakeId\": 629,\n      \"MakeName\": \"CREATIVE COACHWORKS\",\n      \"VehicleTypeId\": 2,\n      \"VehicleTypeName\": \"Passenger Car\"\n    },\n    {\n      \"MakeId\": 771,\n      \"MakeName\": \"AC PROPULSION\",\n      \"VehicleTypeId\": 2,\n      \"VehicleTypeName\": \"Passenger Car\"\n    },\n    {\n      \"MakeId\": 847,\n      \"MakeName\": \"DAIHATSU\",\n      \"VehicleTypeId\": 2,\n      \"VehicleTypeName\": \"Passenger Car\"\n    },\n    {\n      \"MakeId\": 972,\n      \"MakeName\": \"FALCON\",\n      \"VehicleTypeId\": 2,\n      \"VehicleTypeName\": \"Passenger Car\"\n    },\n    {\n      \"MakeId\": 986,\n      \"MakeName\": \"EV INNOVATIONS\",\n      \"VehicleTypeId\": 2,\n      \"VehicleTypeName\": \"Passenger Car\"\n    },\n    {\n      \"MakeId\": 992,\n      \"MakeName\": \"FAW JIAXING HAPPY MESSENGER\",\n      \"VehicleTypeId\": 2,\n      \"VehicleTypeName\": \"Passenger Car\"\n    },\n    {\n      \"MakeId\": 1033,\n      \"MakeName\": \"FISKER AUTOMOTIVE\",\n      \"VehicleTypeId\": 2,\n      \"VehicleTypeName\": \"Passenger Car\"\n    },\n    {\n      \"MakeId\": 1034,\n      \"MakeName\": \"NINA\",\n      \"VehicleTypeId\": 2,\n      \"VehicleTypeName\": \"Passenger Car\"\n    },\n    {\n      \"MakeId\": 1056,\n      \"MakeName\": \"SATURN\",\n      \"VehicleTypeId\": 2,\n      \"VehicleTypeName\": \"Passenger Car\"\n    },\n    {\n      \"MakeId\": 1077,\n      \"MakeName\": \"DAEWOO\",\n      \"VehicleTypeId\": 2,\n      \"VehicleTypeName\": \"Passenger Car\"\n    },\n    {\n      \"MakeId\": 1124,\n      \"MakeName\": \"AMERICAN MOTORS\",\n      \"VehicleTypeId\": 2,\n      \"VehicleTypeName\": \"Passenger Car\"\n    },\n    {\n      \"MakeId\": 1142,\n      \"MakeName\": \"FORMULA 1 STREET COM\",\n      \"VehicleTypeId\": 2,\n      \"VehicleTypeName\": \"Passenger Car\"\n    },\n    {\n      \"MakeId\": 1146,\n      \"MakeName\": \"GEO\",\n      \"VehicleTypeId\": 2,\n      \"VehicleTypeName\": \"Passenger Car\"\n    },\n    {\n      \"MakeId\": 1151,\n      \"MakeName\": \"FORTUNESPORT VES\",\n      \"VehicleTypeId\": 2,\n      \"VehicleTypeName\": \"Passenger Car\"\n    },\n    {\n      \"MakeId\": 1288,\n      \"MakeName\": \"AAS\",\n      \"VehicleTypeId\": 2,\n      \"VehicleTypeName\": \"Passenger Car\"\n    },\n    {\n      \"MakeId\": 1292,\n      \"MakeName\": \"EQUUS AUTOMOTIVE\",\n      \"VehicleTypeId\": 2,\n      \"VehicleTypeName\": \"Passenger Car\"\n    },\n    {\n      \"MakeId\": 1393,\n      \"MakeName\": \"ELECTRIC MOBILE CARS\",\n      \"VehicleTypeId\": 2,\n      \"VehicleTypeName\": \"Passenger Car\"\n    },\n    {\n      \"MakeId\": 1498,\n      \"MakeName\": \"AVERA MOTORS\",\n      \"VehicleTypeId\": 2,\n      \"VehicleTypeName\": \"Passenger Car\"\n    },\n    {\n      \"MakeId\": 1683,\n      \"MakeName\": \"BAKKURA MOBILITY\",\n      \"VehicleTypeId\": 2,\n      \"VehicleTypeName\": \"Passenger Car\"\n    },\n    {\n      \"MakeId\": 1755,\n      \"MakeName\": \"TH!NK\",\n      \"VehicleTypeId\": 2,\n      \"VehicleTypeName\": \"Passenger Car\"\n    },\n    {\n      \"MakeId\": 1777,\n      \"MakeName\": \"CODA\",\n      \"VehicleTypeId\": 2,\n      \"VehicleTypeName\": \"Passenger Car\"\n    },\n    {\n      \"MakeId\": 1869,\n      \"MakeName\": \"CONTEMPORARY CLASSIC CARS (CCC)\",\n      \"VehicleTypeId\": 2,\n      \"VehicleTypeName\": \"Passenger Car\"\n    },\n    {\n      \"MakeId\": 1896,\n      \"MakeName\": \"KOENIGSEGG\",\n      \"VehicleTypeId\": 2,\n      \"VehicleTypeName\": \"Passenger Car\"\n    },\n    {\n      \"MakeId\": 1991,\n      \"MakeName\": \"BYD\",\n      \"VehicleTypeId\": 2,\n      \"VehicleTypeName\": \"Passenger Car\"\n    },\n    {\n      \"MakeId\": 2018,\n      \"MakeName\": \"KANDI\",\n      \"VehicleTypeId\": 2,\n      \"VehicleTypeName\": \"Passenger Car\"\n    },\n    {\n      \"MakeId\": 2049,\n      \"MakeName\": \"KEPLER MOTORS\",\n      \"VehicleTypeId\": 2,\n      \"VehicleTypeName\": \"Passenger Car\"\n    },\n    {\n      \"MakeId\": 2131,\n      \"MakeName\": \"MAKING YOU MOBILE\",\n      \"VehicleTypeId\": 2,\n      \"VehicleTypeName\": \"Passenger Car\"\n    },\n    {\n      \"MakeId\": 2236,\n      \"MakeName\": \"MCLAREN\",\n      \"VehicleTypeId\": 2,\n      \"VehicleTypeName\": \"Passenger Car\"\n    },\n    {\n      \"MakeId\": 2376,\n      \"MakeName\": \"MYCAR\",\n      \"VehicleTypeId\": 2,\n      \"VehicleTypeName\": \"Passenger Car\"\n    },\n    {\n      \"MakeId\": 2408,\n      \"MakeName\": \"EAGLE\",\n      \"VehicleTypeId\": 2,\n      \"VehicleTypeName\": \"Passenger Car\"\n    },\n    {\n      \"MakeId\": 2409,\n      \"MakeName\": \"PLYMOUTH\",\n      \"VehicleTypeId\": 2,\n      \"VehicleTypeName\": \"Passenger Car\"\n    },\n    {\n      \"MakeId\": 2618,\n      \"MakeName\": \"NANCHANG FREEDOM TECHNOLOGY LIMITED COMPANY\",\n      \"VehicleTypeId\": 2,\n      \"VehicleTypeName\": \"Passenger Car\"\n    },\n    {\n      \"MakeId\": 2665,\n      \"MakeName\": \"NJD AUTOMOTIVE LLC\",\n      \"VehicleTypeId\": 2,\n      \"VehicleTypeName\": \"Passenger Car\"\n    },\n    {\n      \"MakeId\": 2745,\n      \"MakeName\": \"PHOENIX MOTORCARS\",\n      \"VehicleTypeId\": 2,\n      \"VehicleTypeName\": \"Passenger Car\"\n    },\n    {\n      \"MakeId\": 3176,\n      \"MakeName\": \"ROCKET SLED MOTORS\",\n      \"VehicleTypeId\": 2,\n      \"VehicleTypeName\": \"Passenger Car\"\n    },\n    {\n      \"MakeId\": 3440,\n      \"MakeName\": \"VISION INDUSTRIES\",\n      \"VehicleTypeId\": 2,\n      \"VehicleTypeName\": \"Passenger Car\"\n    },\n    {\n      \"MakeId\": 3540,\n      \"MakeName\": \"WARHAWK PERFORMANCE\",\n      \"VehicleTypeId\": 2,\n      \"VehicleTypeName\": \"Passenger Car\"\n    },\n    {\n      \"MakeId\": 3583,\n      \"MakeName\": \"UKEYCHEYMA\",\n      \"VehicleTypeId\": 2,\n      \"VehicleTypeName\": \"Passenger Car\"\n    },\n    {\n      \"MakeId\": 3706,\n      \"MakeName\": \"TOTAL ELECTRIC VEHICLES\",\n      \"VehicleTypeId\": 2,\n      \"VehicleTypeName\": \"Passenger Car\"\n    },\n    {\n      \"MakeId\": 3766,\n      \"MakeName\": \"SPYKER\",\n      \"VehicleTypeId\": 2,\n      \"VehicleTypeName\": \"Passenger Car\"\n    },\n    {\n      \"MakeId\": 4162,\n      \"MakeName\": \"OLDSMOBILE\",\n      \"VehicleTypeId\": 2,\n      \"VehicleTypeName\": \"Passenger Car\"\n    },\n    {\n      \"MakeId\": 4220,\n      \"MakeName\": \"PANOZ\",\n      \"VehicleTypeId\": 2,\n      \"VehicleTypeName\": \"Passenger Car\"\n    },\n    {\n      \"MakeId\": 4355,\n      \"MakeName\": \"SALEEN\",\n      \"VehicleTypeId\": 2,\n      \"VehicleTypeName\": \"Passenger Car\"\n    },\n    {\n      \"MakeId\": 4410,\n      \"MakeName\": \"SOLECTRIA\",\n      \"VehicleTypeId\": 2,\n      \"VehicleTypeName\": \"Passenger Car\"\n    },\n    {\n      \"MakeId\": 4451,\n      \"MakeName\": \"YESTER YEAR AUTO\",\n      \"VehicleTypeId\": 2,\n      \"VehicleTypeName\": \"Passenger Car\"\n    },\n    {\n      \"MakeId\": 4596,\n      \"MakeName\": \"BXR\",\n      \"VehicleTypeId\": 2,\n      \"VehicleTypeName\": \"Passenger Car\"\n    },\n    {\n      \"MakeId\": 4634,\n      \"MakeName\": \"ENGINE CONNECTION\",\n      \"VehicleTypeId\": 2,\n      \"VehicleTypeName\": \"Passenger Car\"\n    },\n    {\n      \"MakeId\": 4644,\n      \"MakeName\": \"BLUECAR\",\n      \"VehicleTypeId\": 2,\n      \"VehicleTypeName\": \"Passenger Car\"\n    },\n    {\n      \"MakeId\": 4764,\n      \"MakeName\": \"MOSLER\",\n      \"VehicleTypeId\": 2,\n      \"VehicleTypeName\": \"Passenger Car\"\n    },\n    {\n      \"MakeId\": 4767,\n      \"MakeName\": \"PAGANI\",\n      \"VehicleTypeId\": 2,\n      \"VehicleTypeName\": \"Passenger Car\"\n    },\n    {\n      \"MakeId\": 4859,\n      \"MakeName\": \"REVOLOGY\",\n      \"VehicleTypeId\": 2,\n      \"VehicleTypeName\": \"Passenger Car\"\n    },\n    {\n      \"MakeId\": 5015,\n      \"MakeName\": \"EMA\",\n      \"VehicleTypeId\": 2,\n      \"VehicleTypeName\": \"Passenger Car\"\n    },\n    {\n      \"MakeId\": 5042,\n      \"MakeName\": \"COSTIN SPORTS CAR\",\n      \"VehicleTypeId\": 2,\n      \"VehicleTypeName\": \"Passenger Car\"\n    },\n    {\n      \"MakeId\": 5083,\n      \"MakeName\": \"GENESIS\",\n      \"VehicleTypeId\": 2,\n      \"VehicleTypeName\": \"Passenger Car\"\n    },\n    {\n      \"MakeId\": 5122,\n      \"MakeName\": \"KARMA\",\n      \"VehicleTypeId\": 2,\n      \"VehicleTypeName\": \"Passenger Car\"\n    },\n    {\n      \"MakeId\": 5208,\n      \"MakeName\": \"MATRIX MOTOR COMPANY\",\n      \"VehicleTypeId\": 2,\n      \"VehicleTypeName\": \"Passenger Car\"\n    },\n    {\n      \"MakeId\": 5367,\n      \"MakeName\": \"ARMBRUSTER STAGEWAY\",\n      \"VehicleTypeId\": 2,\n      \"VehicleTypeName\": \"Passenger Car\"\n    },\n    {\n      \"MakeId\": 5381,\n      \"MakeName\": \"LUMEN\",\n      \"VehicleTypeId\": 2,\n      \"VehicleTypeName\": \"Passenger Car\"\n    },\n    {\n      \"MakeId\": 5464,\n      \"MakeName\": \"ASUNA\",\n      \"VehicleTypeId\": 2,\n      \"VehicleTypeName\": \"Passenger Car\"\n    },\n    {\n      \"MakeId\": 5468,\n      \"MakeName\": \"MERKUR\",\n      \"VehicleTypeId\": 2,\n      \"VehicleTypeName\": \"Passenger Car\"\n    },\n    {\n      \"MakeId\": 5552,\n      \"MakeName\": \"AVANTI\",\n      \"VehicleTypeId\": 2,\n      \"VehicleTypeName\": \"Passenger Car\"\n    },\n    {\n      \"MakeId\": 5553,\n      \"MakeName\": \"YUGO\",\n      \"VehicleTypeId\": 2,\n      \"VehicleTypeName\": \"Passenger Car\"\n    },\n    {\n      \"MakeId\": 5554,\n      \"MakeName\": \"PEUGEOT\",\n      \"VehicleTypeId\": 2,\n      \"VehicleTypeName\": \"Passenger Car\"\n    },\n    {\n      \"MakeId\": 5555,\n      \"MakeName\": \"STERLING MOTOR CAR\",\n      \"VehicleTypeId\": 2,\n      \"VehicleTypeName\": \"Passenger Car\"\n    },\n    {\n      \"MakeId\": 5557,\n      \"MakeName\": \"CONSULIER GTP\",\n      \"VehicleTypeId\": 2,\n      \"VehicleTypeName\": \"Passenger Car\"\n    },\n    {\n      \"MakeId\": 5657,\n      \"MakeName\": \"DATSUN\",\n      \"VehicleTypeId\": 2,\n      \"VehicleTypeName\": \"Passenger Car\"\n    },\n    {\n      \"MakeId\": 5661,\n      \"MakeName\": \"PININFARINA\",\n      \"VehicleTypeId\": 2,\n      \"VehicleTypeName\": \"Passenger Car\"\n    },\n    {\n      \"MakeId\": 5760,\n      \"MakeName\": \"VINTAGE AUTO\",\n      \"VehicleTypeId\": 2,\n      \"VehicleTypeName\": \"Passenger Car\"\n    },\n    {\n      \"MakeId\": 5767,\n      \"MakeName\": \"LONDONCOACH INC\",\n      \"VehicleTypeId\": 2,\n      \"VehicleTypeName\": \"Passenger Car\"\n    },\n    {\n      \"MakeId\": 5848,\n      \"MakeName\": \"MGS GRAND SPORT (MARDIKIAN)\",\n      \"VehicleTypeId\": 2,\n      \"VehicleTypeName\": \"Passenger Car\"\n    },\n    {\n      \"MakeId\": 5938,\n      \"MakeName\": \"PANTHER\",\n      \"VehicleTypeId\": 2,\n      \"VehicleTypeName\": \"Passenger Car\"\n    },\n    {\n      \"MakeId\": 6018,\n      \"MakeName\": \"DAYTONA COACH BUILDERS\",\n      \"VehicleTypeId\": 2,\n      \"VehicleTypeName\": \"Passenger Car\"\n    },\n    {\n      \"MakeId\": 6069,\n      \"MakeName\": \"UCC\",\n      \"VehicleTypeId\": 2,\n      \"VehicleTypeName\": \"Passenger Car\"\n    },\n    {\n      \"MakeId\": 6263,\n      \"MakeName\": \"RS SPIDER\",\n      \"VehicleTypeId\": 2,\n      \"VehicleTypeName\": \"Passenger Car\"\n    },\n    {\n      \"MakeId\": 6264,\n      \"MakeName\": \"GRUPPE B\",\n      \"VehicleTypeId\": 2,\n      \"VehicleTypeName\": \"Passenger Car\"\n    },\n    {\n      \"MakeId\": 6265,\n      \"MakeName\": \"RALLY SPORT\",\n      \"VehicleTypeId\": 2,\n      \"VehicleTypeName\": \"Passenger Car\"\n    },\n    {\n      \"MakeId\": 6313,\n      \"MakeName\": \"RENAISSANCE\",\n      \"VehicleTypeId\": 2,\n      \"VehicleTypeName\": \"Passenger Car\"\n    },\n    {\n      \"MakeId\": 6364,\n      \"MakeName\": \"JAC 427\",\n      \"VehicleTypeId\": 2,\n      \"VehicleTypeName\": \"Passenger Car\"\n    },\n    {\n      \"MakeId\": 6408,\n      \"MakeName\": \"HUNTER DESIGN GROUP, LLC\",\n      \"VehicleTypeId\": 2,\n      \"VehicleTypeName\": \"Passenger Car\"\n    },\n    {\n      \"MakeId\": 6473,\n      \"MakeName\": \"BLACKWATER\",\n      \"VehicleTypeId\": 2,\n      \"VehicleTypeName\": \"Passenger Car\"\n    },\n    {\n      \"MakeId\": 6663,\n      \"MakeName\": \"GULLWING INTERNATIONAL MOTORS, LTD.\",\n      \"VehicleTypeId\": 2,\n      \"VehicleTypeName\": \"Passenger Car\"\n    },\n    {\n      \"MakeId\": 6759,\n      \"MakeName\": \"AMERITECH CORPORATION\",\n      \"VehicleTypeId\": 2,\n      \"VehicleTypeName\": \"Passenger Car\"\n    },\n    {\n      \"MakeId\": 6792,\n      \"MakeName\": \"STANFORD CUSTOMS\",\n      \"VehicleTypeId\": 2,\n      \"VehicleTypeName\": \"Passenger Car\"\n    },\n    {\n      \"MakeId\": 6880,\n      \"MakeName\": \"CLASSIC ROADSTERS\",\n      \"VehicleTypeId\": 2,\n      \"VehicleTypeName\": \"Passenger Car\"\n    },\n    {\n      \"MakeId\": 6986,\n      \"MakeName\": \"HERITAGE\",\n      \"VehicleTypeId\": 2,\n      \"VehicleTypeName\": \"Passenger Car\"\n    },\n    {\n      \"MakeId\": 7099,\n      \"MakeName\": \"COBRA CARS\",\n      \"VehicleTypeId\": 2,\n      \"VehicleTypeName\": \"Passenger Car\"\n    },\n    {\n      \"MakeId\": 7207,\n      \"MakeName\": \"C-R CHEETAH RACE CARS\",\n      \"VehicleTypeId\": 2,\n      \"VehicleTypeName\": \"Passenger Car\"\n    },\n    {\n      \"MakeId\": 7225,\n      \"MakeName\": \"PAS\",\n      \"VehicleTypeId\": 2,\n      \"VehicleTypeName\": \"Passenger Car\"\n    },\n    {\n      \"MakeId\": 7425,\n      \"MakeName\": \"BUG MOTORS\",\n      \"VehicleTypeId\": 2,\n      \"VehicleTypeName\": \"Passenger Car\"\n    },\n    {\n      \"MakeId\": 7477,\n      \"MakeName\": \"EXCALIBUR AUTOMOBILE CORPORATION\",\n      \"VehicleTypeId\": 2,\n      \"VehicleTypeName\": \"Passenger Car\"\n    },\n    {\n      \"MakeId\": 7765,\n      \"MakeName\": \"IVES MOTORS CORPORATION (IMC)\",\n      \"VehicleTypeId\": 2,\n      \"VehicleTypeName\": \"Passenger Car\"\n    },\n    {\n      \"MakeId\": 7836,\n      \"MakeName\": \"AUTODELTA USA INC\",\n      \"VehicleTypeId\": 2,\n      \"VehicleTypeName\": \"Passenger Car\"\n    },\n    {\n      \"MakeId\": 8395,\n      \"MakeName\": \"AUTOCAR LTD\",\n      \"VehicleTypeId\": 2,\n      \"VehicleTypeName\": \"Passenger Car\"\n    },\n    {\n      \"MakeId\": 8605,\n      \"MakeName\": \"BBC\",\n      \"VehicleTypeId\": 2,\n      \"VehicleTypeName\": \"Passenger Car\"\n    },\n    {\n      \"MakeId\": 8785,\n      \"MakeName\": \"PHOENIX SPORTS CARS, INC.\",\n      \"VehicleTypeId\": 2,\n      \"VehicleTypeName\": \"Passenger Car\"\n    },\n    {\n      \"MakeId\": 9250,\n      \"MakeName\": \"VECTOR AEROMOTIVE CORPORATION\",\n      \"VehicleTypeId\": 2,\n      \"VehicleTypeName\": \"Passenger Car\"\n    },\n    {\n      \"MakeId\": 9326,\n      \"MakeName\": \"CARBODIES\",\n      \"VehicleTypeId\": 2,\n      \"VehicleTypeName\": \"Passenger Car\"\n    },\n    {\n      \"MakeId\": 9364,\n      \"MakeName\": \"CREATIVE COACHWORKS INC.\",\n      \"VehicleTypeId\": 2,\n      \"VehicleTypeName\": \"Passenger Car\"\n    },\n    {\n      \"MakeId\": 9376,\n      \"MakeName\": \"WESTFALL MOTORS CORP.\",\n      \"VehicleTypeId\": 2,\n      \"VehicleTypeName\": \"Passenger Car\"\n    },\n    {\n      \"MakeId\": 9401,\n      \"MakeName\": \"CLENET\",\n      \"VehicleTypeId\": 2,\n      \"VehicleTypeName\": \"Passenger Car\"\n    },\n    {\n      \"MakeId\": 9448,\n      \"MakeName\": \"ELECTRIC CAR COMPANY\",\n      \"VehicleTypeId\": 2,\n      \"VehicleTypeName\": \"Passenger Car\"\n    },\n    {\n      \"MakeId\": 9458,\n      \"MakeName\": \"CX AUTOMOTIVE\",\n      \"VehicleTypeId\": 2,\n      \"VehicleTypeName\": \"Passenger Car\"\n    },\n    {\n      \"MakeId\": 9533,\n      \"MakeName\": \"LA EXOTICS\",\n      \"VehicleTypeId\": 2,\n      \"VehicleTypeName\": \"Passenger Car\"\n    },\n    {\n      \"MakeId\": 9572,\n      \"MakeName\": \"CLASSIC SPORTS CARS\",\n      \"VehicleTypeId\": 2,\n      \"VehicleTypeName\": \"Passenger Car\"\n    },\n    {\n      \"MakeId\": 9720,\n      \"MakeName\": \"SF MOTORS INC.\",\n      \"VehicleTypeId\": 2,\n      \"VehicleTypeName\": \"Passenger Car\"\n    },\n    {\n      \"MakeId\": 9759,\n      \"MakeName\": \"SCUDERIA CAMERON GLICKENHAUS (SCG)\",\n      \"VehicleTypeId\": 2,\n      \"VehicleTypeName\": \"Passenger Car\"\n    },\n    {\n      \"MakeId\": 10029,\n      \"MakeName\": \"VINTAGE CRUISER\",\n      \"VehicleTypeId\": 2,\n      \"VehicleTypeName\": \"Passenger Car\"\n    },\n    {\n      \"MakeId\": 10030,\n      \"MakeName\": \"VINTAGE MICROBUS\",\n      \"VehicleTypeId\": 2,\n      \"VehicleTypeName\": \"Passenger Car\"\n    },\n    {\n      \"MakeId\": 10031,\n      \"MakeName\": \"VINTAGE ROVER\",\n      \"VehicleTypeId\": 2,\n      \"VehicleTypeName\": \"Passenger Car\"\n    },\n    {\n      \"MakeId\": 10047,\n      \"MakeName\": \"LITE CAR\",\n      \"VehicleTypeId\": 2,\n      \"VehicleTypeName\": \"Passenger Car\"\n    },\n    {\n      \"MakeId\": 10224,\n      \"MakeName\": \"POLESTAR\",\n      \"VehicleTypeId\": 2,\n      \"VehicleTypeName\": \"Passenger Car\"\n    },\n    {\n      \"MakeId\": 10256,\n      \"MakeName\": \"CZINGER\",\n      \"VehicleTypeId\": 2,\n      \"VehicleTypeName\": \"Passenger Car\"\n    },\n    {\n      \"MakeId\": 10393,\n      \"MakeName\": \"GLICKENHAUS\",\n      \"VehicleTypeId\": 2,\n      \"VehicleTypeName\": \"Passenger Car\"\n    },\n    {\n      \"MakeId\": 10623,\n      \"MakeName\": \"DONGFENG\",\n      \"VehicleTypeId\": 2,\n      \"VehicleTypeName\": \"Passenger Car\"\n    },\n    {\n      \"MakeId\": 10638,\n      \"MakeName\": \"KARMA AUTOMOTIVE LLC\",\n      \"VehicleTypeId\": 2,\n      \"VehicleTypeName\": \"Passenger Car\"\n    },\n    {\n      \"MakeId\": 10647,\n      \"MakeName\": \"CRUISE\",\n      \"VehicleTypeId\": 2,\n      \"VehicleTypeName\": \"Passenger Car\"\n    },\n    {\n      \"MakeId\": 10919,\n      \"MakeName\": \"LUCID MOTORS\",\n      \"VehicleTypeId\": 2,\n      \"VehicleTypeName\": \"Passenger Car\"\n    },\n    {\n      \"MakeId\": 11076,\n      \"MakeName\": \"CALMOTORS\",\n      \"VehicleTypeId\": 2,\n      \"VehicleTypeName\": \"Passenger Car\"\n    }\n  ]\n}","request":"{\n  \"url\": \"https://vpic.nhtsa.dot.gov/api/vehicles/GetMakesForVehicleType/car?format=json\",\n  \"requestInit\": {\n    \"headers\": {},\n    \"method\": \"GET\",\n    \"insecureHTTPParser\": false\n  }\n}","rawResult":"{\n  \"status\": 200,\n  \"statusText\": \"OK\",\n  \"headers\": {\n    \"access-control-expose-headers\": \"Request-Context\",\n    \"cache-control\": \"no-cache\",\n    \"connection\": \"close\",\n    \"content-encoding\": \"gzip\",\n    \"content-length\": \"2852\",\n    \"content-type\": \"application/json\",\n    \"date\": \"Thu, 23 Sep 2021 01:35:07 GMT\",\n    \"expires\": \"-1\",\n    \"pragma\": \"no-cache\",\n    \"request-context\": \"appId=cid-v1:39f1cd0a-de7e-435f-bf7d-39de930d88c6\",\n    \"server\": \"Microsoft-IIS/10.0\",\n    \"strict-transport-security\": \"max-age=31536000 ; includeSubDomains ; preload\",\n    \"vary\": \"Accept-Encoding\",\n    \"x-aspnet-version\": \"4.0.30319\",\n    \"x-powered-by\": \"ASP.NET\"\n  },\n  \"body\": \"{\\\"Count\\\":169,\\\"Message\\\":\\\"Response returned successfully\\\",\\\"SearchCriteria\\\":\\\"Vehicle Type: car\\\",\\\"Results\\\":[{\\\"MakeId\\\":440,\\\"MakeName\\\":\\\"ASTON MARTIN\\\",\\\"VehicleTypeId\\\":2,\\\"VehicleTypeName\\\":\\\"Passenger Car\\\"},{\\\"MakeId\\\":441,\\\"MakeName\\\":\\\"TESLA\\\",\\\"VehicleTypeId\\\":2,\\\"VehicleTypeName\\\":\\\"Passenger Car\\\"},{\\\"MakeId\\\":442,\\\"MakeName\\\":\\\"JAGUAR\\\",\\\"VehicleTypeId\\\":2,\\\"VehicleTypeName\\\":\\\"Passenger Car\\\"},{\\\"MakeId\\\":443,\\\"MakeName\\\":\\\"MASERATI\\\",\\\"VehicleTypeId\\\":2,\\\"VehicleTypeName\\\":\\\"Passenger Car\\\"},{\\\"MakeId\\\":445,\\\"MakeName\\\":\\\"ROLLS ROYCE\\\",\\\"VehicleTypeId\\\":2,\\\"VehicleTypeName\\\":\\\"Passenger Car\\\"},{\\\"MakeId\\\":448,\\\"MakeName\\\":\\\"TOYOTA\\\",\\\"VehicleTypeId\\\":2,\\\"VehicleTypeName\\\":\\\"Passenger Car\\\"},{\\\"MakeId\\\":449,\\\"MakeName\\\":\\\"MERCEDES-BENZ\\\",\\\"VehicleTypeId\\\":2,\\\"VehicleTypeName\\\":\\\"Passenger Car\\\"},{\\\"MakeId\\\":452,\\\"MakeName\\\":\\\"BMW\\\",\\\"VehicleTypeId\\\":2,\\\"VehicleTypeName\\\":\\\"Passenger Car\\\"},{\\\"MakeId\\\":454,\\\"MakeName\\\":\\\"BUGATTI\\\",\\\"VehicleTypeId\\\":2,\\\"VehicleTypeName\\\":\\\"Passenger Car\\\"},{\\\"MakeId\\\":456,\\\"MakeName\\\":\\\"MINI\\\",\\\"VehicleTypeId\\\":2,\\\"VehicleTypeName\\\":\\\"Passenger Car\\\"},{\\\"MakeId\\\":460,\\\"MakeName\\\":\\\"FORD\\\",\\\"VehicleTypeId\\\":2,\\\"VehicleTypeName\\\":\\\"Passenger Car\\\"},{\\\"MakeId\\\":464,\\\"MakeName\\\":\\\"LINCOLN\\\",\\\"VehicleTypeId\\\":2,\\\"VehicleTypeName\\\":\\\"Passenger Car\\\"},{\\\"MakeId\\\":465,\\\"MakeName\\\":\\\"MERCURY\\\",\\\"VehicleTypeId\\\":2,\\\"VehicleTypeName\\\":\\\"Passenger Car\\\"},{\\\"MakeId\\\":466,\\\"MakeName\\\":\\\"LOTUS\\\",\\\"VehicleTypeId\\\":2,\\\"VehicleTypeName\\\":\\\"Passenger Car\\\"},{\\\"MakeId\\\":467,\\\"MakeName\\\":\\\"CHEVROLET\\\",\\\"VehicleTypeId\\\":2,\\\"VehicleTypeName\\\":\\\"Passenger Car\\\"},{\\\"MakeId\\\":468,\\\"MakeName\\\":\\\"BUICK\\\",\\\"VehicleTypeId\\\":2,\\\"VehicleTypeName\\\":\\\"Passenger Car\\\"},{\\\"MakeId\\\":469,\\\"MakeName\\\":\\\"CADILLAC\\\",\\\"VehicleTypeId\\\":2,\\\"VehicleTypeName\\\":\\\"Passenger Car\\\"},{\\\"MakeId\\\":470,\\\"MakeName\\\":\\\"HOLDEN\\\",\\\"VehicleTypeId\\\":2,\\\"VehicleTypeName\\\":\\\"Passenger Car\\\"},{\\\"MakeId\\\":471,\\\"MakeName\\\":\\\"OPEL\\\",\\\"VehicleTypeId\\\":2,\\\"VehicleTypeName\\\":\\\"Passenger Car\\\"},{\\\"MakeId\\\":472,\\\"MakeName\\\":\\\"GMC\\\",\\\"VehicleTypeId\\\":2,\\\"VehicleTypeName\\\":\\\"Passenger Car\\\"},{\\\"MakeId\\\":473,\\\"MakeName\\\":\\\"MAZDA\\\",\\\"VehicleTypeId\\\":2,\\\"VehicleTypeName\\\":\\\"Passenger Car\\\"},{\\\"MakeId\\\":474,\\\"MakeName\\\":\\\"HONDA\\\",\\\"VehicleTypeId\\\":2,\\\"VehicleTypeName\\\":\\\"Passenger Car\\\"},{\\\"MakeId\\\":475,\\\"MakeName\\\":\\\"ACURA\\\",\\\"VehicleTypeId\\\":2,\\\"VehicleTypeName\\\":\\\"Passenger Car\\\"},{\\\"MakeId\\\":476,\\\"MakeName\\\":\\\"DODGE\\\",\\\"VehicleTypeId\\\":2,\\\"VehicleTypeName\\\":\\\"Passenger Car\\\"},{\\\"MakeId\\\":477,\\\"MakeName\\\":\\\"CHRYSLER\\\",\\\"VehicleTypeId\\\":2,\\\"VehicleTypeName\\\":\\\"Passenger Car\\\"},{\\\"MakeId\\\":478,\\\"MakeName\\\":\\\"NISSAN\\\",\\\"VehicleTypeId\\\":2,\\\"VehicleTypeName\\\":\\\"Passenger Car\\\"},{\\\"MakeId\\\":480,\\\"MakeName\\\":\\\"INFINITI\\\",\\\"VehicleTypeId\\\":2,\\\"VehicleTypeName\\\":\\\"Passenger Car\\\"},{\\\"MakeId\\\":481,\\\"MakeName\\\":\\\"MITSUBISHI\\\",\\\"VehicleTypeId\\\":2,\\\"VehicleTypeName\\\":\\\"Passenger Car\\\"},{\\\"MakeId\\\":482,\\\"MakeName\\\":\\\"VOLKSWAGEN\\\",\\\"VehicleTypeId\\\":2,\\\"VehicleTypeName\\\":\\\"Passenger Car\\\"},{\\\"MakeId\\\":485,\\\"MakeName\\\":\\\"VOLVO\\\",\\\"VehicleTypeId\\\":2,\\\"VehicleTypeName\\\":\\\"Passenger Car\\\"},{\\\"MakeId\\\":492,\\\"MakeName\\\":\\\"FIAT\\\",\\\"VehicleTypeId\\\":2,\\\"VehicleTypeName\\\":\\\"Passenger Car\\\"},{\\\"MakeId\\\":493,\\\"MakeName\\\":\\\"ALFA ROMEO\\\",\\\"VehicleTypeId\\\":2,\\\"VehicleTypeName\\\":\\\"Passenger Car\\\"},{\\\"MakeId\\\":497,\\\"MakeName\\\":\\\"LANCIA\\\",\\\"VehicleTypeId\\\":2,\\\"VehicleTypeName\\\":\\\"Passenger Car\\\"},{\\\"MakeId\\\":498,\\\"MakeName\\\":\\\"HYUNDAI\\\",\\\"VehicleTypeId\\\":2,\\\"VehicleTypeName\\\":\\\"Passenger Car\\\"},{\\\"MakeId\\\":499,\\\"MakeName\\\":\\\"KIA\\\",\\\"VehicleTypeId\\\":2,\\\"VehicleTypeName\\\":\\\"Passenger Car\\\"},{\\\"MakeId\\\":502,\\\"MakeName\\\":\\\"LAMBORGHINI\\\",\\\"VehicleTypeId\\\":2,\\\"VehicleTypeName\\\":\\\"Passenger Car\\\"},{\\\"MakeId\\\":504,\\\"MakeName\\\":\\\"SMART\\\",\\\"VehicleTypeId\\\":2,\\\"VehicleTypeName\\\":\\\"Passenger Car\\\"},{\\\"MakeId\\\":509,\\\"MakeName\\\":\\\"SUZUKI\\\",\\\"VehicleTypeId\\\":2,\\\"VehicleTypeName\\\":\\\"Passenger Car\\\"},{\\\"MakeId\\\":515,\\\"MakeName\\\":\\\"LEXUS\\\",\\\"VehicleTypeId\\\":2,\\\"VehicleTypeName\\\":\\\"Passenger Car\\\"},{\\\"MakeId\\\":523,\\\"MakeName\\\":\\\"SUBARU\\\",\\\"VehicleTypeId\\\":2,\\\"VehicleTypeName\\\":\\\"Passenger Car\\\"},{\\\"MakeId\\\":533,\\\"MakeName\\\":\\\"MAYBACH\\\",\\\"VehicleTypeId\\\":2,\\\"VehicleTypeName\\\":\\\"Passenger Car\\\"},{\\\"MakeId\\\":536,\\\"MakeName\\\":\\\"PONTIAC\\\",\\\"VehicleTypeId\\\":2,\\\"VehicleTypeName\\\":\\\"Passenger Car\\\"},{\\\"MakeId\\\":539,\\\"MakeName\\\":\\\"MORGAN\\\",\\\"VehicleTypeId\\\":2,\\\"VehicleTypeName\\\":\\\"Passenger Car\\\"},{\\\"MakeId\\\":542,\\\"MakeName\\\":\\\"ISUZU\\\",\\\"VehicleTypeId\\\":2,\\\"VehicleTypeName\\\":\\\"Passenger Car\\\"},{\\\"MakeId\\\":565,\\\"MakeName\\\":\\\"TRIUMPH\\\",\\\"VehicleTypeId\\\":2,\\\"VehicleTypeName\\\":\\\"Passenger Car\\\"},{\\\"MakeId\\\":572,\\\"MakeName\\\":\\\"SAAB\\\",\\\"VehicleTypeId\\\":2,\\\"VehicleTypeName\\\":\\\"Passenger Car\\\"},{\\\"MakeId\\\":582,\\\"MakeName\\\":\\\"AUDI\\\",\\\"VehicleTypeId\\\":2,\\\"VehicleTypeName\\\":\\\"Passenger Car\\\"},{\\\"MakeId\\\":583,\\\"MakeName\\\":\\\"BENTLEY\\\",\\\"VehicleTypeId\\\":2,\\\"VehicleTypeName\\\":\\\"Passenger Car\\\"},{\\\"MakeId\\\":584,\\\"MakeName\\\":\\\"PORSCHE\\\",\\\"VehicleTypeId\\\":2,\\\"VehicleTypeName\\\":\\\"Passenger Car\\\"},{\\\"MakeId\\\":603,\\\"MakeName\\\":\\\"FERRARI\\\",\\\"VehicleTypeId\\\":2,\\\"VehicleTypeName\\\":\\\"Passenger Car\\\"},{\\\"MakeId\\\":606,\\\"MakeName\\\":\\\"AM GENERAL\\\",\\\"VehicleTypeId\\\":2,\\\"VehicleTypeName\\\":\\\"Passenger Car\\\"},{\\\"MakeId\\\":629,\\\"MakeName\\\":\\\"CREATIVE COACHWORKS\\\",\\\"VehicleTypeId\\\":2,\\\"VehicleTypeName\\\":\\\"Passenger Car\\\"},{\\\"MakeId\\\":771,\\\"MakeName\\\":\\\"AC PROPULSION\\\",\\\"VehicleTypeId\\\":2,\\\"VehicleTypeName\\\":\\\"Passenger Car\\\"},{\\\"MakeId\\\":847,\\\"MakeName\\\":\\\"DAIHATSU\\\",\\\"VehicleTypeId\\\":2,\\\"VehicleTypeName\\\":\\\"Passenger Car\\\"},{\\\"MakeId\\\":972,\\\"MakeName\\\":\\\"FALCON\\\",\\\"VehicleTypeId\\\":2,\\\"VehicleTypeName\\\":\\\"Passenger Car\\\"},{\\\"MakeId\\\":986,\\\"MakeName\\\":\\\"EV INNOVATIONS\\\",\\\"VehicleTypeId\\\":2,\\\"VehicleTypeName\\\":\\\"Passenger Car\\\"},{\\\"MakeId\\\":992,\\\"MakeName\\\":\\\"FAW JIAXING HAPPY MESSENGER\\\",\\\"VehicleTypeId\\\":2,\\\"VehicleTypeName\\\":\\\"Passenger Car\\\"},{\\\"MakeId\\\":1033,\\\"MakeName\\\":\\\"FISKER AUTOMOTIVE\\\",\\\"VehicleTypeId\\\":2,\\\"VehicleTypeName\\\":\\\"Passenger Car\\\"},{\\\"MakeId\\\":1034,\\\"MakeName\\\":\\\"NINA\\\",\\\"VehicleTypeId\\\":2,\\\"VehicleTypeName\\\":\\\"Passenger Car\\\"},{\\\"MakeId\\\":1056,\\\"MakeName\\\":\\\"SATURN\\\",\\\"VehicleTypeId\\\":2,\\\"VehicleTypeName\\\":\\\"Passenger Car\\\"},{\\\"MakeId\\\":1077,\\\"MakeName\\\":\\\"DAEWOO\\\",\\\"VehicleTypeId\\\":2,\\\"VehicleTypeName\\\":\\\"Passenger Car\\\"},{\\\"MakeId\\\":1124,\\\"MakeName\\\":\\\"AMERICAN MOTORS\\\",\\\"VehicleTypeId\\\":2,\\\"VehicleTypeName\\\":\\\"Passenger Car\\\"},{\\\"MakeId\\\":1142,\\\"MakeName\\\":\\\"FORMULA 1 STREET COM\\\",\\\"VehicleTypeId\\\":2,\\\"VehicleTypeName\\\":\\\"Passenger Car\\\"},{\\\"MakeId\\\":1146,\\\"MakeName\\\":\\\"GEO\\\",\\\"VehicleTypeId\\\":2,\\\"VehicleTypeName\\\":\\\"Passenger Car\\\"},{\\\"MakeId\\\":1151,\\\"MakeName\\\":\\\"FORTUNESPORT VES\\\",\\\"VehicleTypeId\\\":2,\\\"VehicleTypeName\\\":\\\"Passenger Car\\\"},{\\\"MakeId\\\":1288,\\\"MakeName\\\":\\\"AAS\\\",\\\"VehicleTypeId\\\":2,\\\"VehicleTypeName\\\":\\\"Passenger Car\\\"},{\\\"MakeId\\\":1292,\\\"MakeName\\\":\\\"EQUUS AUTOMOTIVE\\\",\\\"VehicleTypeId\\\":2,\\\"VehicleTypeName\\\":\\\"Passenger Car\\\"},{\\\"MakeId\\\":1393,\\\"MakeName\\\":\\\"ELECTRIC MOBILE CARS\\\",\\\"VehicleTypeId\\\":2,\\\"VehicleTypeName\\\":\\\"Passenger Car\\\"},{\\\"MakeId\\\":1498,\\\"MakeName\\\":\\\"AVERA MOTORS\\\",\\\"VehicleTypeId\\\":2,\\\"VehicleTypeName\\\":\\\"Passenger Car\\\"},{\\\"MakeId\\\":1683,\\\"MakeName\\\":\\\"BAKKURA MOBILITY\\\",\\\"VehicleTypeId\\\":2,\\\"VehicleTypeName\\\":\\\"Passenger Car\\\"},{\\\"MakeId\\\":1755,\\\"MakeName\\\":\\\"TH!NK\\\",\\\"VehicleTypeId\\\":2,\\\"VehicleTypeName\\\":\\\"Passenger Car\\\"},{\\\"MakeId\\\":1777,\\\"MakeName\\\":\\\"CODA\\\",\\\"VehicleTypeId\\\":2,\\\"VehicleTypeName\\\":\\\"Passenger Car\\\"},{\\\"MakeId\\\":1869,\\\"MakeName\\\":\\\"CONTEMPORARY CLASSIC CARS (CCC)\\\",\\\"VehicleTypeId\\\":2,\\\"VehicleTypeName\\\":\\\"Passenger Car\\\"},{\\\"MakeId\\\":1896,\\\"MakeName\\\":\\\"KOENIGSEGG\\\",\\\"VehicleTypeId\\\":2,\\\"VehicleTypeName\\\":\\\"Passenger Car\\\"},{\\\"MakeId\\\":1991,\\\"MakeName\\\":\\\"BYD\\\",\\\"VehicleTypeId\\\":2,\\\"VehicleTypeName\\\":\\\"Passenger Car\\\"},{\\\"MakeId\\\":2018,\\\"MakeName\\\":\\\"KANDI\\\",\\\"VehicleTypeId\\\":2,\\\"VehicleTypeName\\\":\\\"Passenger Car\\\"},{\\\"MakeId\\\":2049,\\\"MakeName\\\":\\\"KEPLER MOTORS\\\",\\\"VehicleTypeId\\\":2,\\\"VehicleTypeName\\\":\\\"Passenger Car\\\"},{\\\"MakeId\\\":2131,\\\"MakeName\\\":\\\"MAKING YOU MOBILE\\\",\\\"VehicleTypeId\\\":2,\\\"VehicleTypeName\\\":\\\"Passenger Car\\\"},{\\\"MakeId\\\":2236,\\\"MakeName\\\":\\\"MCLAREN\\\",\\\"VehicleTypeId\\\":2,\\\"VehicleTypeName\\\":\\\"Passenger Car\\\"},{\\\"MakeId\\\":2376,\\\"MakeName\\\":\\\"MYCAR\\\",\\\"VehicleTypeId\\\":2,\\\"VehicleTypeName\\\":\\\"Passenger Car\\\"},{\\\"MakeId\\\":2408,\\\"MakeName\\\":\\\"EAGLE\\\",\\\"VehicleTypeId\\\":2,\\\"VehicleTypeName\\\":\\\"Passenger Car\\\"},{\\\"MakeId\\\":2409,\\\"MakeName\\\":\\\"PLYMOUTH\\\",\\\"VehicleTypeId\\\":2,\\\"VehicleTypeName\\\":\\\"Passenger Car\\\"},{\\\"MakeId\\\":2618,\\\"MakeName\\\":\\\"NANCHANG FREEDOM TECHNOLOGY LIMITED COMPANY\\\",\\\"VehicleTypeId\\\":2,\\\"VehicleTypeName\\\":\\\"Passenger Car\\\"},{\\\"MakeId\\\":2665,\\\"MakeName\\\":\\\"NJD AUTOMOTIVE LLC\\\",\\\"VehicleTypeId\\\":2,\\\"VehicleTypeName\\\":\\\"Passenger Car\\\"},{\\\"MakeId\\\":2745,\\\"MakeName\\\":\\\"PHOENIX MOTORCARS\\\",\\\"VehicleTypeId\\\":2,\\\"VehicleTypeName\\\":\\\"Passenger Car\\\"},{\\\"MakeId\\\":3176,\\\"MakeName\\\":\\\"ROCKET SLED MOTORS\\\",\\\"VehicleTypeId\\\":2,\\\"VehicleTypeName\\\":\\\"Passenger Car\\\"},{\\\"MakeId\\\":3440,\\\"MakeName\\\":\\\"VISION INDUSTRIES\\\",\\\"VehicleTypeId\\\":2,\\\"VehicleTypeName\\\":\\\"Passenger Car\\\"},{\\\"MakeId\\\":3540,\\\"MakeName\\\":\\\"WARHAWK PERFORMANCE\\\",\\\"VehicleTypeId\\\":2,\\\"VehicleTypeName\\\":\\\"Passenger Car\\\"},{\\\"MakeId\\\":3583,\\\"MakeName\\\":\\\"UKEYCHEYMA\\\",\\\"VehicleTypeId\\\":2,\\\"VehicleTypeName\\\":\\\"Passenger Car\\\"},{\\\"MakeId\\\":3706,\\\"MakeName\\\":\\\"TOTAL ELECTRIC VEHICLES\\\",\\\"VehicleTypeId\\\":2,\\\"VehicleTypeName\\\":\\\"Passenger Car\\\"},{\\\"MakeId\\\":3766,\\\"MakeName\\\":\\\"SPYKER\\\",\\\"VehicleTypeId\\\":2,\\\"VehicleTypeName\\\":\\\"Passenger Car\\\"},{\\\"MakeId\\\":4162,\\\"MakeName\\\":\\\"OLDSMOBILE\\\",\\\"VehicleTypeId\\\":2,\\\"VehicleTypeName\\\":\\\"Passenger Car\\\"},{\\\"MakeId\\\":4220,\\\"MakeName\\\":\\\"PANOZ\\\",\\\"VehicleTypeId\\\":2,\\\"VehicleTypeName\\\":\\\"Passenger Car\\\"},{\\\"MakeId\\\":4355,\\\"MakeName\\\":\\\"SALEEN\\\",\\\"VehicleTypeId\\\":2,\\\"VehicleTypeName\\\":\\\"Passenger Car\\\"},{\\\"MakeId\\\":4410,\\\"MakeName\\\":\\\"SOLECTRIA\\\",\\\"VehicleTypeId\\\":2,\\\"VehicleTypeName\\\":\\\"Passenger Car\\\"},{\\\"MakeId\\\":4451,\\\"MakeName\\\":\\\"YESTER YEAR AUTO\\\",\\\"VehicleTypeId\\\":2,\\\"VehicleTypeName\\\":\\\"Passenger Car\\\"},{\\\"MakeId\\\":4596,\\\"MakeName\\\":\\\"BXR\\\",\\\"VehicleTypeId\\\":2,\\\"VehicleTypeName\\\":\\\"Passenger Car\\\"},{\\\"MakeId\\\":4634,\\\"MakeName\\\":\\\"ENGINE CONNECTION\\\",\\\"VehicleTypeId\\\":2,\\\"VehicleTypeName\\\":\\\"Passenger Car\\\"},{\\\"MakeId\\\":4644,\\\"MakeName\\\":\\\"BLUECAR\\\",\\\"VehicleTypeId\\\":2,\\\"VehicleTypeName\\\":\\\"Passenger Car\\\"},{\\\"MakeId\\\":4764,\\\"MakeName\\\":\\\"MOSLER\\\",\\\"VehicleTypeId\\\":2,\\\"VehicleTypeName\\\":\\\"Passenger Car\\\"},{\\\"MakeId\\\":4767,\\\"MakeName\\\":\\\"PAGANI\\\",\\\"VehicleTypeId\\\":2,\\\"VehicleTypeName\\\":\\\"Passenger Car\\\"},{\\\"MakeId\\\":4859,\\\"MakeName\\\":\\\"REVOLOGY\\\",\\\"VehicleTypeId\\\":2,\\\"VehicleTypeName\\\":\\\"Passenger Car\\\"},{\\\"MakeId\\\":5015,\\\"MakeName\\\":\\\"EMA\\\",\\\"VehicleTypeId\\\":2,\\\"VehicleTypeName\\\":\\\"Passenger Car\\\"},{\\\"MakeId\\\":5042,\\\"MakeName\\\":\\\"COSTIN SPORTS CAR\\\",\\\"VehicleTypeId\\\":2,\\\"VehicleTypeName\\\":\\\"Passenger Car\\\"},{\\\"MakeId\\\":5083,\\\"MakeName\\\":\\\"GENESIS\\\",\\\"VehicleTypeId\\\":2,\\\"VehicleTypeName\\\":\\\"Passenger Car\\\"},{\\\"MakeId\\\":5122,\\\"MakeName\\\":\\\"KARMA\\\",\\\"VehicleTypeId\\\":2,\\\"VehicleTypeName\\\":\\\"Passenger Car\\\"},{\\\"MakeId\\\":5208,\\\"MakeName\\\":\\\"MATRIX MOTOR COMPANY\\\",\\\"VehicleTypeId\\\":2,\\\"VehicleTypeName\\\":\\\"Passenger Car\\\"},{\\\"MakeId\\\":5367,\\\"MakeName\\\":\\\"ARMBRUSTER STAGEWAY\\\",\\\"VehicleTypeId\\\":2,\\\"VehicleTypeName\\\":\\\"Passenger Car\\\"},{\\\"MakeId\\\":5381,\\\"MakeName\\\":\\\"LUMEN\\\",\\\"VehicleTypeId\\\":2,\\\"VehicleTypeName\\\":\\\"Passenger Car\\\"},{\\\"MakeId\\\":5464,\\\"MakeName\\\":\\\"ASUNA\\\",\\\"VehicleTypeId\\\":2,\\\"VehicleTypeName\\\":\\\"Passenger Car\\\"},{\\\"MakeId\\\":5468,\\\"MakeName\\\":\\\"MERKUR\\\",\\\"VehicleTypeId\\\":2,\\\"VehicleTypeName\\\":\\\"Passenger Car\\\"},{\\\"MakeId\\\":5552,\\\"MakeName\\\":\\\"AVANTI\\\",\\\"VehicleTypeId\\\":2,\\\"VehicleTypeName\\\":\\\"Passenger Car\\\"},{\\\"MakeId\\\":5553,\\\"MakeName\\\":\\\"YUGO\\\",\\\"VehicleTypeId\\\":2,\\\"VehicleTypeName\\\":\\\"Passenger Car\\\"},{\\\"MakeId\\\":5554,\\\"MakeName\\\":\\\"PEUGEOT\\\",\\\"VehicleTypeId\\\":2,\\\"VehicleTypeName\\\":\\\"Passenger Car\\\"},{\\\"MakeId\\\":5555,\\\"MakeName\\\":\\\"STERLING MOTOR CAR\\\",\\\"VehicleTypeId\\\":2,\\\"VehicleTypeName\\\":\\\"Passenger Car\\\"},{\\\"MakeId\\\":5557,\\\"MakeName\\\":\\\"CONSULIER GTP\\\",\\\"VehicleTypeId\\\":2,\\\"VehicleTypeName\\\":\\\"Passenger Car\\\"},{\\\"MakeId\\\":5657,\\\"MakeName\\\":\\\"DATSUN\\\",\\\"VehicleTypeId\\\":2,\\\"VehicleTypeName\\\":\\\"Passenger Car\\\"},{\\\"MakeId\\\":5661,\\\"MakeName\\\":\\\"PININFARINA\\\",\\\"VehicleTypeId\\\":2,\\\"VehicleTypeName\\\":\\\"Passenger Car\\\"},{\\\"MakeId\\\":5760,\\\"MakeName\\\":\\\"VINTAGE AUTO\\\",\\\"VehicleTypeId\\\":2,\\\"VehicleTypeName\\\":\\\"Passenger Car\\\"},{\\\"MakeId\\\":5767,\\\"MakeName\\\":\\\"LONDONCOACH INC\\\",\\\"VehicleTypeId\\\":2,\\\"VehicleTypeName\\\":\\\"Passenger Car\\\"},{\\\"MakeId\\\":5848,\\\"MakeName\\\":\\\"MGS GRAND SPORT (MARDIKIAN)\\\",\\\"VehicleTypeId\\\":2,\\\"VehicleTypeName\\\":\\\"Passenger Car\\\"},{\\\"MakeId\\\":5938,\\\"MakeName\\\":\\\"PANTHER\\\",\\\"VehicleTypeId\\\":2,\\\"VehicleTypeName\\\":\\\"Passenger Car\\\"},{\\\"MakeId\\\":6018,\\\"MakeName\\\":\\\"DAYTONA COACH BUILDERS\\\",\\\"VehicleTypeId\\\":2,\\\"VehicleTypeName\\\":\\\"Passenger Car\\\"},{\\\"MakeId\\\":6069,\\\"MakeName\\\":\\\"UCC\\\",\\\"VehicleTypeId\\\":2,\\\"VehicleTypeName\\\":\\\"Passenger Car\\\"},{\\\"MakeId\\\":6263,\\\"MakeName\\\":\\\"RS SPIDER\\\",\\\"VehicleTypeId\\\":2,\\\"VehicleTypeName\\\":\\\"Passenger Car\\\"},{\\\"MakeId\\\":6264,\\\"MakeName\\\":\\\"GRUPPE B\\\",\\\"VehicleTypeId\\\":2,\\\"VehicleTypeName\\\":\\\"Passenger Car\\\"},{\\\"MakeId\\\":6265,\\\"MakeName\\\":\\\"RALLY SPORT\\\",\\\"VehicleTypeId\\\":2,\\\"VehicleTypeName\\\":\\\"Passenger Car\\\"},{\\\"MakeId\\\":6313,\\\"MakeName\\\":\\\"RENAISSANCE\\\",\\\"VehicleTypeId\\\":2,\\\"VehicleTypeName\\\":\\\"Passenger Car\\\"},{\\\"MakeId\\\":6364,\\\"MakeName\\\":\\\"JAC 427\\\",\\\"VehicleTypeId\\\":2,\\\"VehicleTypeName\\\":\\\"Passenger Car\\\"},{\\\"MakeId\\\":6408,\\\"MakeName\\\":\\\"HUNTER DESIGN GROUP, LLC\\\",\\\"VehicleTypeId\\\":2,\\\"VehicleTypeName\\\":\\\"Passenger Car\\\"},{\\\"MakeId\\\":6473,\\\"MakeName\\\":\\\"BLACKWATER\\\",\\\"VehicleTypeId\\\":2,\\\"VehicleTypeName\\\":\\\"Passenger Car\\\"},{\\\"MakeId\\\":6663,\\\"MakeName\\\":\\\"GULLWING INTERNATIONAL MOTORS, LTD.\\\",\\\"VehicleTypeId\\\":2,\\\"VehicleTypeName\\\":\\\"Passenger Car\\\"},{\\\"MakeId\\\":6759,\\\"MakeName\\\":\\\"AMERITECH CORPORATION\\\",\\\"VehicleTypeId\\\":2,\\\"VehicleTypeName\\\":\\\"Passenger Car\\\"},{\\\"MakeId\\\":6792,\\\"MakeName\\\":\\\"STANFORD CUSTOMS\\\",\\\"VehicleTypeId\\\":2,\\\"VehicleTypeName\\\":\\\"Passenger Car\\\"},{\\\"MakeId\\\":6880,\\\"MakeName\\\":\\\"CLASSIC ROADSTERS\\\",\\\"VehicleTypeId\\\":2,\\\"VehicleTypeName\\\":\\\"Passenger Car\\\"},{\\\"MakeId\\\":6986,\\\"MakeName\\\":\\\"HERITAGE\\\",\\\"VehicleTypeId\\\":2,\\\"VehicleTypeName\\\":\\\"Passenger Car\\\"},{\\\"MakeId\\\":7099,\\\"MakeName\\\":\\\"COBRA CARS\\\",\\\"VehicleTypeId\\\":2,\\\"VehicleTypeName\\\":\\\"Passenger Car\\\"},{\\\"MakeId\\\":7207,\\\"MakeName\\\":\\\"C-R CHEETAH RACE CARS\\\",\\\"VehicleTypeId\\\":2,\\\"VehicleTypeName\\\":\\\"Passenger Car\\\"},{\\\"MakeId\\\":7225,\\\"MakeName\\\":\\\"PAS\\\",\\\"VehicleTypeId\\\":2,\\\"VehicleTypeName\\\":\\\"Passenger Car\\\"},{\\\"MakeId\\\":7425,\\\"MakeName\\\":\\\"BUG MOTORS\\\",\\\"VehicleTypeId\\\":2,\\\"VehicleTypeName\\\":\\\"Passenger Car\\\"},{\\\"MakeId\\\":7477,\\\"MakeName\\\":\\\"EXCALIBUR AUTOMOBILE CORPORATION\\\",\\\"VehicleTypeId\\\":2,\\\"VehicleTypeName\\\":\\\"Passenger Car\\\"},{\\\"MakeId\\\":7765,\\\"MakeName\\\":\\\"IVES MOTORS CORPORATION (IMC)\\\",\\\"VehicleTypeId\\\":2,\\\"VehicleTypeName\\\":\\\"Passenger Car\\\"},{\\\"MakeId\\\":7836,\\\"MakeName\\\":\\\"AUTODELTA USA INC\\\",\\\"VehicleTypeId\\\":2,\\\"VehicleTypeName\\\":\\\"Passenger Car\\\"},{\\\"MakeId\\\":8395,\\\"MakeName\\\":\\\"AUTOCAR LTD\\\",\\\"VehicleTypeId\\\":2,\\\"VehicleTypeName\\\":\\\"Passenger Car\\\"},{\\\"MakeId\\\":8605,\\\"MakeName\\\":\\\"BBC\\\",\\\"VehicleTypeId\\\":2,\\\"VehicleTypeName\\\":\\\"Passenger Car\\\"},{\\\"MakeId\\\":8785,\\\"MakeName\\\":\\\"PHOENIX SPORTS CARS, INC.\\\",\\\"VehicleTypeId\\\":2,\\\"VehicleTypeName\\\":\\\"Passenger Car\\\"},{\\\"MakeId\\\":9250,\\\"MakeName\\\":\\\"VECTOR AEROMOTIVE CORPORATION\\\",\\\"VehicleTypeId\\\":2,\\\"VehicleTypeName\\\":\\\"Passenger Car\\\"},{\\\"MakeId\\\":9326,\\\"MakeName\\\":\\\"CARBODIES\\\",\\\"VehicleTypeId\\\":2,\\\"VehicleTypeName\\\":\\\"Passenger Car\\\"},{\\\"MakeId\\\":9364,\\\"MakeName\\\":\\\"CREATIVE COACHWORKS INC.\\\",\\\"VehicleTypeId\\\":2,\\\"VehicleTypeName\\\":\\\"Passenger Car\\\"},{\\\"MakeId\\\":9376,\\\"MakeName\\\":\\\"WESTFALL MOTORS CORP.\\\",\\\"VehicleTypeId\\\":2,\\\"VehicleTypeName\\\":\\\"Passenger Car\\\"},{\\\"MakeId\\\":9401,\\\"MakeName\\\":\\\"CLENET\\\",\\\"VehicleTypeId\\\":2,\\\"VehicleTypeName\\\":\\\"Passenger Car\\\"},{\\\"MakeId\\\":9448,\\\"MakeName\\\":\\\"ELECTRIC CAR COMPANY\\\",\\\"VehicleTypeId\\\":2,\\\"VehicleTypeName\\\":\\\"Passenger Car\\\"},{\\\"MakeId\\\":9458,\\\"MakeName\\\":\\\"CX AUTOMOTIVE\\\",\\\"VehicleTypeId\\\":2,\\\"VehicleTypeName\\\":\\\"Passenger Car\\\"},{\\\"MakeId\\\":9533,\\\"MakeName\\\":\\\"LA EXOTICS\\\",\\\"VehicleTypeId\\\":2,\\\"VehicleTypeName\\\":\\\"Passenger Car\\\"},{\\\"MakeId\\\":9572,\\\"MakeName\\\":\\\"CLASSIC SPORTS CARS\\\",\\\"VehicleTypeId\\\":2,\\\"VehicleTypeName\\\":\\\"Passenger Car\\\"},{\\\"MakeId\\\":9720,\\\"MakeName\\\":\\\"SF MOTORS INC.\\\",\\\"VehicleTypeId\\\":2,\\\"VehicleTypeName\\\":\\\"Passenger Car\\\"},{\\\"MakeId\\\":9759,\\\"MakeName\\\":\\\"SCUDERIA CAMERON GLICKENHAUS (SCG)\\\",\\\"VehicleTypeId\\\":2,\\\"VehicleTypeName\\\":\\\"Passenger Car\\\"},{\\\"MakeId\\\":10029,\\\"MakeName\\\":\\\"VINTAGE CRUISER\\\",\\\"VehicleTypeId\\\":2,\\\"VehicleTypeName\\\":\\\"Passenger Car\\\"},{\\\"MakeId\\\":10030,\\\"MakeName\\\":\\\"VINTAGE MICROBUS\\\",\\\"VehicleTypeId\\\":2,\\\"VehicleTypeName\\\":\\\"Passenger Car\\\"},{\\\"MakeId\\\":10031,\\\"MakeName\\\":\\\"VINTAGE ROVER\\\",\\\"VehicleTypeId\\\":2,\\\"VehicleTypeName\\\":\\\"Passenger Car\\\"},{\\\"MakeId\\\":10047,\\\"MakeName\\\":\\\"LITE CAR\\\",\\\"VehicleTypeId\\\":2,\\\"VehicleTypeName\\\":\\\"Passenger Car\\\"},{\\\"MakeId\\\":10224,\\\"MakeName\\\":\\\"POLESTAR\\\",\\\"VehicleTypeId\\\":2,\\\"VehicleTypeName\\\":\\\"Passenger Car\\\"},{\\\"MakeId\\\":10256,\\\"MakeName\\\":\\\"CZINGER\\\",\\\"VehicleTypeId\\\":2,\\\"VehicleTypeName\\\":\\\"Passenger Car\\\"},{\\\"MakeId\\\":10393,\\\"MakeName\\\":\\\"GLICKENHAUS\\\",\\\"VehicleTypeId\\\":2,\\\"VehicleTypeName\\\":\\\"Passenger Car\\\"},{\\\"MakeId\\\":10623,\\\"MakeName\\\":\\\"DONGFENG\\\",\\\"VehicleTypeId\\\":2,\\\"VehicleTypeName\\\":\\\"Passenger Car\\\"},{\\\"MakeId\\\":10638,\\\"MakeName\\\":\\\"KARMA AUTOMOTIVE LLC\\\",\\\"VehicleTypeId\\\":2,\\\"VehicleTypeName\\\":\\\"Passenger Car\\\"},{\\\"MakeId\\\":10647,\\\"MakeName\\\":\\\"CRUISE\\\",\\\"VehicleTypeId\\\":2,\\\"VehicleTypeName\\\":\\\"Passenger Car\\\"},{\\\"MakeId\\\":10919,\\\"MakeName\\\":\\\"LUCID MOTORS\\\",\\\"VehicleTypeId\\\":2,\\\"VehicleTypeName\\\":\\\"Passenger Car\\\"},{\\\"MakeId\\\":11076,\\\"MakeName\\\":\\\"CALMOTORS\\\",\\\"VehicleTypeId\\\":2,\\\"VehicleTypeName\\\":\\\"Passenger Car\\\"}]}\"\n}","transform":"[\r\n  \"ASTON MARTIN\",\r\n  \"TESLA\",\r\n  \"JAGUAR\",\r\n  \"MASERATI\",\r\n  \"ROLLS ROYCE\",\r\n  \"TOYOTA\",\r\n  \"MERCEDES-BENZ\",\r\n  \"BMW\",\r\n  \"BUGATTI\",\r\n  \"MINI\",\r\n  \"FORD\",\r\n  \"LINCOLN\",\r\n  \"MERCURY\",\r\n  \"LOTUS\",\r\n  \"CHEVROLET\",\r\n  \"BUICK\",\r\n  \"CADILLAC\",\r\n  \"HOLDEN\",\r\n  \"OPEL\",\r\n  \"GMC\",\r\n  \"MAZDA\",\r\n  \"HONDA\",\r\n  \"ACURA\",\r\n  \"DODGE\",\r\n  \"CHRYSLER\",\r\n  \"NISSAN\",\r\n  \"INFINITI\",\r\n  \"MITSUBISHI\",\r\n  \"VOLKSWAGEN\",\r\n  \"VOLVO\",\r\n  \"FIAT\",\r\n  \"ALFA ROMEO\",\r\n  \"LANCIA\",\r\n  \"HYUNDAI\",\r\n  \"KIA\",\r\n  \"LAMBORGHINI\",\r\n  \"SMART\",\r\n  \"SUZUKI\",\r\n  \"LEXUS\",\r\n  \"SUBARU\",\r\n  \"MAYBACH\",\r\n  \"PONTIAC\",\r\n  \"MORGAN\",\r\n  \"ISUZU\",\r\n  \"TRIUMPH\",\r\n  \"SAAB\",\r\n  \"AUDI\",\r\n  \"BENTLEY\",\r\n  \"PORSCHE\",\r\n  \"FERRARI\",\r\n  \"AM GENERAL\",\r\n  \"CREATIVE COACHWORKS\",\r\n  \"AC PROPULSION\",\r\n  \"DAIHATSU\",\r\n  \"FALCON\",\r\n  \"EV INNOVATIONS\",\r\n  \"FAW JIAXING HAPPY MESSENGER\",\r\n  \"FISKER AUTOMOTIVE\",\r\n  \"NINA\",\r\n  \"SATURN\",\r\n  \"DAEWOO\",\r\n  \"AMERICAN MOTORS\",\r\n  \"FORMULA 1 STREET COM\",\r\n  \"GEO\",\r\n  \"FORTUNESPORT VES\",\r\n  \"AAS\",\r\n  \"EQUUS AUTOMOTIVE\",\r\n  \"ELECTRIC MOBILE CARS\",\r\n  \"AVERA MOTORS\",\r\n  \"BAKKURA MOBILITY\",\r\n  \"TH!NK\",\r\n  \"CODA\",\r\n  \"CONTEMPORARY CLASSIC CARS (CCC)\",\r\n  \"KOENIGSEGG\",\r\n  \"BYD\",\r\n  \"KANDI\",\r\n  \"KEPLER MOTORS\",\r\n  \"MAKING YOU MOBILE\",\r\n  \"MCLAREN\",\r\n  \"MYCAR\",\r\n  \"EAGLE\",\r\n  \"PLYMOUTH\",\r\n  \"NANCHANG FREEDOM TECHNOLOGY LIMITED COMPANY\",\r\n  \"NJD AUTOMOTIVE LLC\",\r\n  \"PHOENIX MOTORCARS\",\r\n  \"ROCKET SLED MOTORS\",\r\n  \"VISION INDUSTRIES\",\r\n  \"WARHAWK PERFORMANCE\",\r\n  \"UKEYCHEYMA\",\r\n  \"TOTAL ELECTRIC VEHICLES\",\r\n  \"SPYKER\",\r\n  \"OLDSMOBILE\",\r\n  \"PANOZ\",\r\n  \"SALEEN\",\r\n  \"SOLECTRIA\",\r\n  \"YESTER YEAR AUTO\",\r\n  \"BXR\",\r\n  \"ENGINE CONNECTION\",\r\n  \"BLUECAR\",\r\n  \"MOSLER\",\r\n  \"PAGANI\",\r\n  \"REVOLOGY\",\r\n  \"EMA\",\r\n  \"COSTIN SPORTS CAR\",\r\n  \"GENESIS\",\r\n  \"KARMA\",\r\n  \"MATRIX MOTOR COMPANY\",\r\n  \"ARMBRUSTER STAGEWAY\",\r\n  \"LUMEN\",\r\n  \"ASUNA\",\r\n  \"MERKUR\",\r\n  \"AVANTI\",\r\n  \"YUGO\",\r\n  \"PEUGEOT\",\r\n  \"STERLING MOTOR CAR\",\r\n  \"CONSULIER GTP\",\r\n  \"DATSUN\",\r\n  \"PININFARINA\",\r\n  \"VINTAGE AUTO\",\r\n  \"LONDONCOACH INC\",\r\n  \"MGS GRAND SPORT (MARDIKIAN)\",\r\n  \"PANTHER\",\r\n  \"DAYTONA COACH BUILDERS\",\r\n  \"UCC\",\r\n  \"RS SPIDER\",\r\n  \"GRUPPE B\",\r\n  \"RALLY SPORT\",\r\n  \"RENAISSANCE\",\r\n  \"JAC 427\",\r\n  \"HUNTER DESIGN GROUP, LLC\",\r\n  \"BLACKWATER\",\r\n  \"GULLWING INTERNATIONAL MOTORS, LTD.\",\r\n  \"AMERITECH CORPORATION\",\r\n  \"STANFORD CUSTOMS\",\r\n  \"CLASSIC ROADSTERS\",\r\n  \"HERITAGE\",\r\n  \"COBRA CARS\",\r\n  \"C-R CHEETAH RACE CARS\",\r\n  \"PAS\",\r\n  \"BUG MOTORS\",\r\n  \"EXCALIBUR AUTOMOBILE CORPORATION\",\r\n  \"IVES MOTORS CORPORATION (IMC)\",\r\n  \"AUTODELTA USA INC\",\r\n  \"AUTOCAR LTD\",\r\n  \"BBC\",\r\n  \"PHOENIX SPORTS CARS, INC.\",\r\n  \"VECTOR AEROMOTIVE CORPORATION\",\r\n  \"CARBODIES\",\r\n  \"CREATIVE COACHWORKS INC.\",\r\n  \"WESTFALL MOTORS CORP.\",\r\n  \"CLENET\",\r\n  \"ELECTRIC CAR COMPANY\",\r\n  \"CX AUTOMOTIVE\",\r\n  \"LA EXOTICS\",\r\n  \"CLASSIC SPORTS CARS\",\r\n  \"SF MOTORS INC.\",\r\n  \"SCUDERIA CAMERON GLICKENHAUS (SCG)\",\r\n  \"VINTAGE CRUISER\",\r\n  \"VINTAGE MICROBUS\",\r\n  \"VINTAGE ROVER\",\r\n  \"LITE CAR\",\r\n  \"POLESTAR\",\r\n  \"CZINGER\",\r\n  \"GLICKENHAUS\",\r\n  \"DONGFENG\",\r\n  \"KARMA AUTOMOTIVE LLC\",\r\n  \"CRUISE\",\r\n  \"LUCID MOTORS\",\r\n  \"CALMOTORS\"\r\n]"}},{"header":{"key":"0bc8efe5-07e6-46ea-8743-c16d1d7e2d5f.17bd3230-7e6a-4ab8-a081-e369a85db150.sampleData","organizationId":"92d3aea7-45d2-402d-9262-8a1c1b3dea7b","type":"Sample_Data","name":"Sample_Data","revision":1},"content":{"make":"PORSCHE","year":"2000","result":"{\n  \"Count\": 2,\n  \"Message\": \"Results returned successfully\",\n  \"SearchCriteria\": \"Make:PORSCHE | ModelYear:2000\",\n  \"Results\": [\n    {\n      \"Make_ID\": 584,\n      \"Make_Name\": \"PORSCHE\",\n      \"Model_ID\": 7832,\n      \"Model_Name\": \"911\"\n    },\n    {\n      \"Make_ID\": 584,\n      \"Make_Name\": \"PORSCHE\",\n      \"Model_ID\": 7847,\n      \"Model_Name\": \"Boxster\"\n    }\n  ]\n}","request":"{\n  \"url\": \"https://vpic.nhtsa.dot.gov/api/vehicles/GetModelsForMakeYear/make/PORSCHE/modelyear/2000?format=json\",\n  \"requestInit\": {\n    \"headers\": {},\n    \"method\": \"GET\",\n    \"insecureHTTPParser\": false\n  }\n}","rawResult":"{\n  \"status\": 200,\n  \"statusText\": \"OK\",\n  \"headers\": {\n    \"access-control-expose-headers\": \"Request-Context\",\n    \"cache-control\": \"no-cache\",\n    \"connection\": \"close\",\n    \"content-encoding\": \"gzip\",\n    \"content-length\": \"279\",\n    \"content-type\": \"application/json\",\n    \"date\": \"Thu, 23 Sep 2021 01:47:53 GMT\",\n    \"expires\": \"-1\",\n    \"pragma\": \"no-cache\",\n    \"request-context\": \"appId=cid-v1:39f1cd0a-de7e-435f-bf7d-39de930d88c6\",\n    \"server\": \"Microsoft-IIS/10.0\",\n    \"strict-transport-security\": \"max-age=31536000 ; includeSubDomains ; preload\",\n    \"vary\": \"Accept-Encoding\",\n    \"x-aspnet-version\": \"4.0.30319\",\n    \"x-powered-by\": \"ASP.NET\"\n  },\n  \"body\": \"{\\\"Count\\\":2,\\\"Message\\\":\\\"Results returned successfully\\\",\\\"SearchCriteria\\\":\\\"Make:PORSCHE | ModelYear:2000\\\",\\\"Results\\\":[{\\\"Make_ID\\\":584,\\\"Make_Name\\\":\\\"PORSCHE\\\",\\\"Model_ID\\\":7832,\\\"Model_Name\\\":\\\"911\\\"},{\\\"Make_ID\\\":584,\\\"Make_Name\\\":\\\"PORSCHE\\\",\\\"Model_ID\\\":7847,\\\"Model_Name\\\":\\\"Boxster\\\"}]}\"\n}","transform":"[\n  \"911\",\n  \"Boxster\"\n]"}}]