{"pet_placeholder.png":{"id":"7fa61885-6ab9-4319-8805-9da1d7d11b06","assetKey":"b40aa97b-e9ce-497a-b196-cb93bb164a56","organizationId":"2bddd29d-4e30-4d4b-b522-ce7b38e97f5e","displayName":"pet_placeholder.png","description":null,"type":"image/png","size":2898,"version":0,"expiration":600000,"visibility":"GLOBAL","state":"ACTIVE","scope":"APP","region":"us-west-2","createdTime":"2021-11-09T01:44:22.599Z","modifiedTime":"2021-11-09T01:44:23.870Z","deletedTime":null,"validationErrors":null,"extraInfo":null,"downloadUrl":"https://assets.airkit.com/2bddd29d-4e30-4d4b-b522-ce7b38e97f5e/b40aa97b-e9ce-497a-b196-cb93bb164a56/7fa61885-6ab9-4319-8805-9da1d7d11b06/0","thumbnailUrl":"https://assets.airkit.com/2bddd29d-4e30-4d4b-b522-ce7b38e97f5e/b40aa97b-e9ce-497a-b196-cb93bb164a56/7fa61885-6ab9-4319-8805-9da1d7d11b06/0_t"}}