{"Vehicle Damage.jpg":{"id":"24d0a1bd-3393-4745-94cb-e336d0deaf3d","assetKey":"0bc8efe5-07e6-46ea-8743-c16d1d7e2d5f","organizationId":"92d3aea7-45d2-402d-9262-8a1c1b3dea7b","displayName":"Vehicle Damage.jpg","description":null,"type":"image/jpeg","size":37191,"version":0,"expiration":600000,"visibility":"GLOBAL","state":"ACTIVE","scope":"APP","region":"us-west-2","createdTime":"2021-09-21T21:18:05.715Z","modifiedTime":"2021-09-21T21:18:06.998Z","deletedTime":null,"validationErrors":null,"extraInfo":null,"downloadUrl":"https://assets.airkit.com/92d3aea7-45d2-402d-9262-8a1c1b3dea7b/0bc8efe5-07e6-46ea-8743-c16d1d7e2d5f/24d0a1bd-3393-4745-94cb-e336d0deaf3d/0","thumbnailUrl":"https://assets.airkit.com/92d3aea7-45d2-402d-9262-8a1c1b3dea7b/0bc8efe5-07e6-46ea-8743-c16d1d7e2d5f/24d0a1bd-3393-4745-94cb-e336d0deaf3d/0_t"}}